{
    "loss": 3.795442581176758,
    "accuracy": 0.5035971403121948
}