{
    "loss": 1.4089072942733765,
    "accuracy": 0.8345323801040649
}